text,label,label_name,language,domain,source,original_split,has_emoji,emoji_count,char_count,word_count,split
从你说健身就觉得，嘿嘿！恭喜小家伙！幸福幸福！@大家闺秀_elsa [爱你],1,positive,zh,social_media,weibo_senti_100k,unsplit,True,1,38,2,test
车模系，纯洁版[哈哈]@江苏时尚购 #美图秀秀iPhone版#,1,positive,zh,social_media,weibo_senti_100k,unsplit,True,1,31,2,train
岩盐芝士绿茶每单必点,1,positive,zh,food_delivery,waimai_10k,unsplit,False,0,10,1,train
小宝贝病了[伤心],0,negative,zh,social_media,weibo_senti_100k,unsplit,True,1,9,1,validation
还想看你的「动词变位」！朋友看过都说好，我竟然还没看到：（ //@唐晓白导演:[鼓掌][鼓掌] //@周监制: 香港电影节今年的票房特火，《陌生》的票快要卖光了！！ //@唐晓白导演: 回复@权聆:我也要去去看权导的片子。[心] //@权聆:我买票了。要去看！@唐晓白导演 @周监制,1,positive,zh,social_media,weibo_senti_100k,unsplit,True,3,141,8,train
唉！[衰] //@刘栋哥哥:力挺智丽成功抗击狭隘的爱国主义 //@大四喜_王??:到底是谁无耻，有脑子的都知道。//@薛蛮子:无,0,negative,zh,social_media,weibo_senti_100k,unsplit,True,1,64,3,train
恭喜@俩宝贝3185668150@醉友樱得@苏莓小姐v@深海鱼howay@逛吃逛吃又逛吃@花宝妈咪@无敌宇宙大坨坨@了不起的spencer@斯基维奇科夫想骑行青藏线@诗雨甜Smile 获得豆果精选调味大礼包～请将寄送地址＋联系方式私信给果子！[亲亲],1,positive,zh,social_media,weibo_senti_100k,unsplit,True,1,125,2,train
"根本就没有送,订了两单,商家说根本就没有看到这单子,没看到单子是怎么完成状态的！！！",0,negative,zh,food_delivery,waimai_10k,unsplit,False,0,42,1,train
Friday Night Lights... Cheer on Bishop McNamara at home tonight as they take on St. Ignatius! Sophomore game...,1,positive,en,social_media,tweet_eval_sentiment,train,False,0,111,18,train
@user You find her and you may get a reason to stay longer here in Philly :-),1,positive,en,social_media,tweet_eval_sentiment,train,False,0,77,17,train
其实胖子也没有夏天[泪]想想自己去年夏天才买的裤子，今天拿出来穿，已经穿不上了[泪][泪]好歹我还在做正畸诶[泪],0,negative,zh,social_media,weibo_senti_100k,unsplit,True,4,57,1,train
北京也兴起这个风气吧。//@五角场张生://@煮手老毒P: 后来待用咖啡传到了中国，著名咖啡店隔壁纷纷开起了回购咖啡的咖啡店//@Bessie的微笑: 觉得温暖[爱你],1,positive,zh,social_media,weibo_senti_100k,unsplit,True,1,84,3,train
"I'm sorry for Jean, after having such a good original movie to be followed up by perhaps his worst movie in is career. This movie was shot down terribly by horrible acting jobs by Goldbeg(Romeo) and whatever that computers name was. Also, some scenes may have been just a little unnesicary. Truly, bad movie.",0,negative,en,movie_review,imdb,train,False,0,308,54,train
"""The 700 Club"" has to be the single most bigoted television program in the history of television itself. To make matters worse, it's been on the air since 1966, implying that thousands if not millions of people are buying into its hate and lies. Headed by Pat Robertson, the unscrupulous, megalomaniacal founder and leader of the Christian Coalition, ""The 700 Club"" takes us from misinformation to misunderstanding, broadcasting ""news"" as they like to think of it and trying to convince its audience that all of the world's problems are to blame on homosexuals, Wiccans, New Age spiritualists, Muslims, Jews, Hindus, non-Fundamentalist Christians, Democrats, single mothers, foreigners, feminists, evolutionists, environmentalists, NASA scientists, and anyone else who doesn't share their fanatical religious views. It's actually the best fake news since ""The Daily Show"" or the ""Weekend Update"" segment of ""Saturday Night Live,"" or since ""FOX News,"" for that matter. Of course, Pat's always the one who makes each of the decisions, saying whatever comes to mind and not giving a damn who it offends or hurts. In the meantime, he continues his part in the struggle to transform the United States into a militarized police state by having the Religious Wrong stick their noses in everything they can and asking for one donation after another - no less than a measly $100 to become a member, by the way - to fund Pat's African diamond mines and buy oil from companies reprimanded by the government in the past for their abuse of the environment. No, never mind that Pat was good friends with the genocidal dictators of Zaire and Zimbabwe in order to help him acquire such wealth; it's all for the greater glory of God, don't you know? And of course, the hosts of ""The 700 Club"" are always willing to read letters ""written by viewers"" as they like to put it, coincidentally each typed in the same format and all on the same color of paper by ""viewers"" supposedly healed of various afflictions by the said hosts (they claim to have ""words of knowledge"" come to them) but who NEVER APPEAR on the program to say what happened to them. Honestly, how can anyone take a show seriously when they're using a poor applause recording? It should make people wonder why there's no studio audience.<br /><br />The sad thing that Pat's cronies and viewers don't realize or just don't WANT to realize are the horrible things he's done and said. This is a guy who agreed with Jerry Falwell that the September 11, 2001 terrorist attacks on the United States were the result of God punishing us for our acceptance of homosexuality and feminism. Ironic, considering that Pat has twice publicly referred to the implementation of a nuclear weapon in the State Department; I have little doubt it was his wealth that kept him from getting arrested for such statements. His rants against homosexuals, single mothers, and any number of sexual practices he considers ""sinful"" are interesting, considering he was known to frequent a number of brothels during the Korean War. As the Bible says, be fruitful and multiply, so congratulations, Pat - thanks to you, there's probably a number of children born to single Korean mothers. Then, of course, there was the time he called for the assassination of Venezuelan President Hugo Chavez (not that he's a saint, but still). Oh, yes, and let's not soon forget the time this ""crusader for human life"" supported forced abortions in China. Very ""Christian"" of him, wouldn't you say?<br /><br />And just in case Pat has forgotten, I haven't forgotten his little speech that evangelical Christians today are ""being treated exactly as the Jews were in Nazi Germany."" Honestly, to compare his ""plight"" to the horrors of the Holocaust is almost unforgivable. Speaking of which, need I mention about how he blatantly lied that homosexuality ran rampant among the Nazi party in a pathetic attempt to discredit homosexuals? Of course, history shows us that the Nazis acted toward homosexuals the same way they acted toward Jews. Pat Robertson is one of the biggest liars in history. If he was Pinocchio, his nose would encircle the Earth.<br /><br />Unfortunately, more and more people continue to believe him every day. This is your wake-up call, people; ""The 700 Club"" is one of the most if not the single most vile program in television history. It's evil masquerading as good; it's a wolf-in-sheep's-clothing. It's bigoted filth that tries to look clean, pretty, and loving. It's living proof that hateful, dangerous religious views aren't confined to certain groups in the Middle East. Even those who are not of the Christian faith know that it goes against everything Jesus taught, and if Jesus was to appear to this ""club,"" He wouldn't be emulating them. Instead, He'd be chastising them as He did the Pharisees of His time and overturning the money bins of their telethons as He did in front of the synagogue in His time. All I can say is thank God that Pat had no chance of becoming President; if he did, he'd be the harbinger of Armageddon - and not on the side of the good guys.",0,negative,en,movie_review,imdb,train,False,0,5093,863,train
It's the first of August and started off good with Ant-Man.,1,positive,en,social_media,tweet_eval_sentiment,train,False,0,59,11,train
"""Bolton Wanderers, who are 18th in the Championship after winning only three of their 10 matches, have sacked their manager Owen Coyle.""",0,negative,en,social_media,tweet_eval_sentiment,train,False,0,136,22,train
"David Mamet is a very interesting and a very un-equal director. His first movie 'House of Games' was the one I liked best, and it set a series of films with characters whose perspective of life changes as they get into complicated situations, and so does the perspective of the viewer.<br /><br />So is 'Homicide' which from the title tries to set the mind of the viewer to the usual crime drama. The principal characters are two cops, one Jewish and one Irish who deal with a racially charged area. The murder of an old Jewish shop owner who proves to be an ancient veteran of the Israeli Independence war triggers the Jewish identity in the mind and heart of the Jewish detective.<br /><br />This is were the flaws of the film are the more obvious. The process of awakening is theatrical and hard to believe, the group of Jewish militants is operatic, and the way the detective eventually walks to the final violent confrontation is pathetic. The end of the film itself is Mamet-like smart, but disappoints from a human emotional perspective.<br /><br />Joe Mantegna and William Macy give strong performances, but the flaws of the story are too evident to be easily compensated.",0,negative,en,movie_review,imdb,train,False,0,1180,205,train
收拾衣橱，看到当年答辩时的衣服，彼时彼景，记忆犹深。如今已是师生天涯永隔。[泪],0,negative,zh,social_media,weibo_senti_100k,unsplit,True,1,40,1,validation
//@王坚Jason: 哈哈哈哈哈哈[哈哈],1,positive,zh,social_media,weibo_senti_100k,unsplit,True,1,22,2,train
待遇与就业前景与洗碗工和屠夫看齐。。。这话说的真伤人心哪！[泪],0,negative,zh,social_media,weibo_senti_100k,unsplit,True,1,32,1,train
Lana Del Rey on the 15th of May? (Unintentional rhyme) someone must come with!,1,positive,en,social_media,tweet_eval_sentiment,train,False,0,78,14,train
黑猫警长喝水图！[哈哈],1,positive,zh,social_media,weibo_senti_100k,unsplit,True,1,12,1,train
"Well, I was hoping I'd heard wrong about this film as I'm a big fan of Ruggero Deodato and really didn't want to see him slip up; but unfortunately, this Giallo-styled supernatural load of nonsense is just as bad as I'd been lead to believe it would be - and that's pretty terrible! The plot doesn't work at all, as the film attempts to blend murders and a supernatural theme through a telephone and it all feels very forced and silly. Furthermore, the plot doesn't make much sense at all, and you have to ask yourself ""what's the point"" numerous times throughout the movie. The plot focuses on a young woman living in an apartment block and being terrorised by a telephone. The best thing about the movie is undoubtedly the presence of the beautiful English actress Charlotte Lewis, and unfortunately the good points pretty much stop there. There are a handful of deaths scenes, some of which are gory; but all of which are incredibly stupid, the one that sees someone get killed by coins sticks out especially in that respect. Overall, I really can't recommend this to anyone; non-Deodato fans are unlikely to impressed, and Deodato fans are likely to find the film depressing. Avoid!",0,negative,en,movie_review,imdb,test,False,0,1186,207,test
连续观察好几天，发现吉林市的空气质量真的很好，可以和海南媲美了，80公里外的长春就糟糕多了，污染指数持续2，3百[失望],0,negative,zh,social_media,weibo_senti_100k,unsplit,True,1,60,1,train
太慢了，10点多定的，1点15送到的。本来想取消订单，需要打电话取消。我打了，人家说需要换另外一个号，他们不负责取消。然后我又打了另外的号码，一位女士接的，我说我要取消，她说经理不在，她不管。说完她直接就挂了。。。牛逼~,0,negative,zh,food_delivery,waimai_10k,unsplit,False,0,110,1,train
"Lucille Ball cannot sing or act or dance. This makes the quality of her performance in MAME all the more dreadful. She's not allowed to do the low-brow slapstick that made her a hit on TV so she has to rely on building a character. Unfortunately, Ms. Ball never learned that skill as none of the tender moments have any warmth. How does she really feel about Patrick or Beau? We never really believe the words she says. That vacant stare of Ms. Ball is suppose to convince us she is emoting but there is no chemistry between her and Bruce Davidson, Robert Preston or Bea Arthur at all. For this reason every scene she's in is flat.<br /><br />Moreover, when Ms. Ball opens her mouth to sing we are immediately made aware of the reason why the studios dubbed her voice for every other musical she starred in earlier in her career. It was stated that she demanded her voice be used so this is a mistake of ego as well as leadership. It is made worse when she is singing in voice-over and she has to ""act the moment"" without words. Whoever thought that would work forgot who was playing Mame.<br /><br />I understand that Rosalind Russell did the role on stage and in the film AUNTIE MAME. Also, I am aware that Angela Lansbury won a Tony for her performance in the original 1966 Broadway musical. Neither of these women were known for their singing voices, but both could have pulled this off better than Lucille Ball. Why they went with her is the worst in blatant miscasting.<br /><br />The only person that gets out unscathed is Bea Arthur. She's big and wonderful, catty and common in all the right amounts. Unfortunately, you keep waiting for this movie to take off and invite you to join in on the fun. But the film never does and you can't. No one besides Bea Arthur appears to be having any fun.<br /><br />An additional bad review goes to director Gene Saks. Saks is known as an award-winning director of musicals and comedies for stage and screen, including the Broadway musical this film is based on. None of that skill and expertise is of aid here. The poor editing and storytelling quailty in this movie is beneath a director of his caliber. That glaring error in the execution of the movie is not the fault of Ms. Ball.",0,negative,en,movie_review,imdb,test,False,0,2231,408,test
唉，老虎各种乱，斯腾森打疯了，竟然七洞五只鸟。没老虎表现的球赛，就没味道，睡觉！[衰],0,negative,zh,social_media,weibo_senti_100k,unsplit,True,1,43,1,train
谢谢领导，我努力[哈哈],1,positive,zh,social_media,weibo_senti_100k,unsplit,True,1,12,1,train
"Offside is the story of teenage-girls who tried to sneak in the stadium to watch final world cup qualifying soccer match in Tehran that may lead Iran to the 2006 world cup in Germany. Females are forbidden to go to stadium by law in Iran, although many of them dress like boys and sneak in. Stadium guards search every one at the entrance to make sure no one carries fireworks and of course; no girl gets in.<br /><br />Like most of Panahi's work, his armature cast's performance was superb. You actually think that you are watching a documentary. The dialogs between the girls and the privates were executed delicately and astonishingly believable. The film depicts the interactions between captives and the drafted guards who themselves are serving mandartory away from their family and friends in a funny sort of way. At the end, the audience realizes that there is not such a difference between the girls and the guards who were just following orders.",1,positive,en,movie_review,imdb,train,False,0,955,164,train
//@混蛋是如何炼成地:真心不错~[赞] 不说话，不一定没心声。总有一句说出 你的心声。[悲伤],0,negative,zh,social_media,weibo_senti_100k,unsplit,True,2,48,3,train
百度送餐员的卫生真是堪忧,0,negative,zh,food_delivery,waimai_10k,unsplit,False,0,12,1,train
"What can I say? I think I have to write ""Spoiler alert"" and then ""reveal"" they used the F-word a LOT in this movie - like in every two sentences. I did not like this movie at all - too much hints on sexual perversions, sidesteps and cheating. And that swearing was totally out the window. I gave this movie ""3"" and two of those points are for Mira Sorvino's sexy movements on the dance floor.",0,negative,en,movie_review,imdb,train,False,0,392,76,train
"Wow, could have been such a good movie,Starts of with Brittany Daniels tied up, Im thinking cool we are going to get a flash back, but nothing, movie starts anew with the kid filming. This movie probably would have been better if it wasn't for the acting. I mean the acting was mostly horrible.. Although with the lines the poor actors had to deal with i guess they did the best they could..Still it really ruin the movie for me.. The twins were the only ones that seem to have some acting skills.. The movie drags to long for the supposed shocking conclusion.. All in all I have seen worse low budget movies but considering this was hype with the 8 films to die for I was very disappointed.. By the way, were did some reviewers say there was gore and stuff. Did I see the same movie.. Well this is 4 out of the eight, and so far only one has been any good..",0,negative,en,movie_review,imdb,train,False,0,858,165,train
"""FACT: Lady Gaga was the highest voted female on with over 120,202,201 votes! 2nd overall behind 1D!",1,positive,en,social_media,tweet_eval_sentiment,train,False,0,100,17,train
"What happens when you give a free man just enough money to trap him into the rat race and watch him squirm? Homeless people answer to no one. They have no mortgages, rent payments or idiot bosses. Homeless people don't have to worry about the IRS or performance reviews or credit card payments. But, give them just enough money to rent an apartment and buy a car and, suddenly, they have to worry about entering the rat race, buying gas for transportation, paying insurance on their car, and working for someone else. They get a chance to be a ""productive citizens."" This film was about as exploitive as a film can be. It's a way for the rich and middle-class sheeple to say ""see what happens when you try to help the poor?"" and it vindicates capitalistic arrogance.<br /><br />Why not a film that asks, ""What happens when you take away everything a rich man has?""",0,negative,en,movie_review,imdb,train,False,0,864,156,train
没有第一次吃的好，里面有小骨头渣子，咯牙,0,negative,zh,food_delivery,waimai_10k,unsplit,False,0,20,1,train
"Criticism of the film EVENING, based on the novel by Susan Minot and adapted for the screen by Minot and Michael Cunningham, has been harsh, so harsh that it may have discouraged many viewers from giving the film a try. The primary criticism has centered on the fact that very little happens in this film about a dying woman's fretting over a mistake she made one summer in her youth, that famous actors were given very minor roles, that the entire production was over-hyped, etc. For this viewer, seeing the film on a DVD in the quiet of the home, a very different reaction occurred.<br /><br />Ann Grant Lord (Vanessa Redgrave) is dying in her home by the ocean and her medication and memories allow her to share a man's name - 'Harris' - with her two grown daughters Nina (Toni Colette) and Constance (Natasha Richardson). As her daughters sit at her bedside Ann relives a particular summer when she was a bridesmaid for her best friend Lila (Mamie Gummer) - a marriage both Ann (Claire Danes as the youthful Ann) and Lila's alcoholic brother Buddy (Hugh Dancy) objected to, feeling that Lila was simply marrying a man of her class instead of the boy she had loved - Harris Arden (Patrick Wilson), her housekeeper's son who had become a physician. Harris, Buddy, Lila, and Ann are woven together in a series of infatuations and romances that have been kept secret until now, 50 years later, as Ann is dying. The older Lila (Meryl Streep) visits Ann at the end and the secrets are revealed: 'there are no such things as mistakes - life just goes on.' The film is a delicate mood piece and the script by Minot and Cunningham is rich in atmosphere and subtle life lessons. Yes, there are gaps in the story that could have used more explanation, but in order to maintain the aura of nostalgia of a dying lady's words, such 'holes' are understandable. The film is graced by the presence of not only Redgrave, Richardson (Redgrave's true daughter), Collette, Gummer (Streep's true daughter), Meryl Streep, Claire Danes, Eileen Atkins, Glenn Close, Hugh Dancy and Patrick Wilson, but also with an ensemble cast of brief but very solid performances. The setting is gorgeous (cinematography by Gyula Pados) and the musical score is by the inimitable Jan A.P. Kaczmarek. Lajos Koltai (""Being Julia') directs. Judge this film on your own.... Grady Harp",1,positive,en,movie_review,imdb,train,False,0,2344,407,train
"I'm giving it a three instead of the lower number it deserves because of its history. A full-length movie made by high school students! It shows, too, but that's part of the charm and appeal. Get ahold of some of the stuff George Lucas did at UCLA; this is better. Maybe due to being a group effort.<br /><br />A monster made of toxic waste and too much garbage--these kids were way ahead of their time!--starts ravaging the town of Milpitas during a high school dance. The monster destroys randomly, leaving garbage and smelly footprints.<br /><br />The movie has local TV and radio people, the Milpitas mayor, the Samuel Ayer High School principal, and a whole bunch of the high school students and their parents, not to mention the mayor's daughter as the ingénue.<br /><br />Dumb? Yeah! Fun? Yeah! Great screen writing? C'mon, they're untrained high schoolies! Copy that comment for the acting, cinematography, directing, et cetera.<br /><br />Milpitas is right next to San Jose in the heart of Silicon Valley; maybe one of the graphics geniuses there will update the video somehow. Now THERE's a challenge.",0,negative,en,movie_review,imdb,test,False,0,1111,186,test
热死啦 [抓狂] 反季游热门推荐之澳大利亚 @澳大利亚旅游局 ―― 8月是澳大利亚的冬季尾声，并不是十分寒冷。国庆优惠专享 9月30日上海出发 澳大利亚新西兰11天四星品质纯玩 http://t.cn/zQ6ttkQ,0,negative,zh,social_media,weibo_senti_100k,unsplit,True,1,108,9,train
以后再也不会忘记放手刹了[泪]教训啊！！,0,negative,zh,social_media,weibo_senti_100k,unsplit,True,1,20,1,test
"@user Ordered PC parts on Amazon Prime Day, one day shipping, haven't received my item yet. It is now Monday. Very dissatisfied.",0,negative,en,social_media,tweet_eval_sentiment,train,False,0,128,22,train
"an acted/manipulated documentary about one of the most darkest places of guatemala. portrayed as a fun, secure... but sad place, were a bunch of sex workers get to play in a soccer team, assembled in what seems like no more than a week! the documentary's main focus is to prove that society repels this kind of ""workers"", even though no solution to these poor women is ever achieved, except that the people who documented this,made them some sort of ""stars"" (just like the title says so) in exchange of being exploited for making this realityshowlike documentary. it does have, however, its own documented reality... but, that sadly has nothing to do with the main storyline. i would not accept to see it again; but i would recommend it for general cultural purposes only.",0,negative,en,movie_review,imdb,train,False,0,772,133,train
菜很难吃，大盘鸡全是鸡肉，没看到腿或者翅膀，白菜很黄，像腌菜，要了两份米饭，只送了一份，打电话质问，还说两份在一个盒子里，一个盒子两个人怎么吃呢！,0,negative,zh,food_delivery,waimai_10k,unsplit,False,0,73,1,validation
虽然是端午，好不容易有个小假期，结果要比平时还累。今天的任务：看摄影展，买相机，收拾屋子，接待周贱贱的朋友，准备星期一的稿件，搭专题，写国色天乡稿子，准备明天去西部大峡谷的东西。[泪],0,negative,zh,social_media,weibo_senti_100k,unsplit,True,1,92,1,train
"I can't say whether the post-WWII British comedies produced at the Ealing Studios are an acquired taste or not, but I am completely addicted, and The Man in the White Suit is one of the best. No need to go into the well-known plot about the threat posed to both the textile industry and the textile unions by an indestructible, dirt-resistant fiber. Suffice it to say that the slings and arrows suffered by the naively idealistic Sidney Stratton in pursuing his polymer vision make for a comedic delight. Many of the well-known faces from the world of British character actors - the nervous Cecil Parker, the suavely devious Michael Gough, and the bluntly ruthless Ernest Thesinger - put in wonderful performances. Guinness - as always and forever - is superb, and Joan Greenwood is delectable as Daphne (just the way she enunciates the word ""Daddy"", makes the entire movie worth seeing).<br /><br />""Knudsen!!!!!!!""",1,positive,en,movie_review,imdb,train,False,0,916,153,train
哦也！！！好看[鼓掌]谁说只有洋人才把姓放后面的？爆肚满、泥人张不都是嘛[嘻嘻],1,positive,zh,social_media,weibo_senti_100k,unsplit,True,2,40,1,test
"This reminds me of when I was a born-again believer who was going to be a minister. I never actually thought I would be a minister or even graduate from high school because I was almost positive I would be raptured to Heaven before that would ever happen. That was before I discovered that Christianity was a bunch rubbish. I am now an atheist, and that just proves that the ""once saved always saved"" doctorine that Christians tell us is no more real than elves. If it were true then why did I leave after many years of being a devout born again believer? Yes, I really was saved. I prayed that silly sinners prayer with all my heart.<br /><br />If Christians were to read their Bible they would discover that their god thinks like rape, genocide, abortion, and many other atrocities are alright according to him. They might be surprised to learn that no where is the word ""rapture"" mentioned.",0,negative,en,movie_review,imdb,train,False,0,893,161,train
I'll be damned if I'm gonna let the Muslims run this country of ours and turn it into a 3rd world shit hole like they did to theirs.,0,negative,en,social_media,tweet_eval_sentiment,train,False,0,132,28,train
"泰国清迈大象学校的小象超级有艺术天份,你画得比它画得好吗?[哈哈]",1,positive,zh,social_media,weibo_senti_100k,unsplit,True,1,33,1,test
"This is unlike any other movie, the closest thing I can compare it to is a Woody Allen film... But where as Woody Allen is constantly fathoming human foibles Bret Carr appears to be trying to figure out a way to get to grips with that one crippling insecurity that tends to define us for better or worse. In the Case of Lou, it is the root cause of his stuttering, which can be traced back to a singular child hood trauma that is revealed through flash backs.<br /><br />There are so many strangely neurotic people in the world and I believe they all deserve a chance for redemption, although diversity of human character is after all what makes the world such an intriguing place, so maybe we shouldn't fix our neurosis anymore than we should fix our noses or Breasts.<br /><br />This is an indie film shot on a long shoestring, but the production values are tremendous as is the scope of the film. I feel like its a quirky Gem for the self-help market. I really look forward to seeing what this filmmaker does next, i could imagine a career along the lines of Woody Allen or Albert Brooks, although usually when a guy like this breaks through, he goes off and makes "" X MEN"" and his humble quirky origins are soon forgotten or are they.... X Men is aout a bunch of freaks if i remember correctly :)",1,positive,en,movie_review,imdb,train,False,0,1300,242,train
#首届瑶里国际帐篷节#文艺晚会花絮，旅游小姐走秀、红歌手演唱等节目精彩纷呈，现场数千驴友热情高涨。[抱抱] @江西风景独好 @江西游友之声 @江西卫视 @贺超兵 http://t.cn/aOhc0m,1,positive,zh,social_media,weibo_senti_100k,unsplit,True,1,99,6,train
"Not an altogether bad start for the program -- but what a slap in the face to real law enforcement. The worst part of the series is that it attempts to bill itself as reality fare -- and is anything but. Men and women that dedicate their lives to the enforcement of laws deserve better than this. What is next, medical school in a minute? Charo performing lipo? Charles Grodin assisting on a hip replacement? C'mon...show a little respect. Even the citizens of Muncie are outing the program as staged. Police Academy = High School Gym? Poor editing (how many times can they use the car-to-car shot of the Taco Bell in the background?), cheesy siren effects (the same loop added ad nauseum to every 'call' whether rolling code or not), and last, but not least -- more officer safety issues than you could shake a stick at.<br /><br />If I want to see manufactured police work and wise-ass fake cops, I would watch RENO 911.",0,negative,en,movie_review,imdb,train,False,0,922,166,train
Would love to know the truth about Amanda Knox.,1,positive,en,social_media,tweet_eval_sentiment,train,False,0,47,9,train
"In my Lit. class we've just finished the book, Hatchet, and this movie is nothing like the book. (1) Brian never ate worms in the book. (2) He didn't know the pilot's name. (3) His mom was cheating on his father in a station wagon not in the woods where anyone could see. (4) The man the mother is cheating with doesn't have black hair, he has blonde. <br /><br />Now for the unrealistic parts of the movie: (1) A thirteen year old can't punch his fist through a window in one punch. <br /><br />And for the acting, the kid who played Brian was a horrible actor. <br /><br />However, I do believe that the scenery was impressive, though I highly doubt the director even read the book.<br /><br />This movie is good if you have not read the book Hatchet, by Gary Paulsen, but if you have, then begin a complaint letter to the director.",0,negative,en,movie_review,imdb,train,False,0,834,157,train
@user Lotta problems with this list... only one I'll mention here is that GKMC is Kendrick's 2nd album,0,negative,en,social_media,tweet_eval_sentiment,train,False,0,102,18,train
不长眼的开车的，该杀千刀的，泥马[怒] 现在猫咪如何了？[悲伤]//@刘二黑:帮帮这位小可怜！今早在街道上发现它被车压到，情况惨极了，遇到好心博主，现已得到救助，但情况不容乐观，希望它能够坚强的挺过来！估计医药费也是一笔不小开支！望大家伸出援手，一起帮它活下去！,0,negative,zh,social_media,weibo_senti_100k,unsplit,True,2,131,2,validation
"Oh man, it is amazing how somebody can claim global warming to be a science, well, I guess this elitist nonsense is now replacing the science of eugenics! Al Gore tries to make this issue sound complicated, even though it just needs common sense to see this whole thing is a big hoax by a man with his own moneymaking agenda!<br /><br />How have scientists estimated historical temperatures of this planet? By estimating the sun spot activity. Has nobody ever questioned if this method has been accurate? No, not even Gore himself! So how the heck would it not be accurate to forecast future temperature with sun spot activity if it has been that accurate in the past? According to sun spot activity the temperature today is totally in line with what it should be. How come the temperature in the entire universe has risen (relatively) equal much as on earth? Does our SUVs cause temperature on Jupiter to rise?<br /><br />Use some common sense! You do not need to be a rocket scientist to figure out that this can be nothing else than a HOAX. Please research it yourself. What does Al Gore and his elitist friends like Rothschild (banking family that arranged live earth event) to gain from this? Well, the new world bank will be founded on carbon credits, that is tax on everything that gives CO2 omissions, and it is easier to get away with these taxes if the people are lured to think it is to save the world when it is only about money, centralized control and more power to the elitist bankers. Al Gore has even a company that sells carbon credits! Is it not noble to pay voluntarily carbon credits to save the world, especially if it goes into his own company? <br /><br />I do not want you to blindly believe me, please do your own research and use your own common sense and I am sure you will come to the right conclusion!",0,negative,en,movie_review,imdb,train,False,0,1831,333,train
"Just used a colon. Holy Punctuation, Batman. It's nearly half-one in the morning. Sleepy Saturday.",1,positive,en,social_media,tweet_eval_sentiment,train,False,0,98,15,train
不好吃，鸡感觉味道怪怪的,0,negative,zh,food_delivery,waimai_10k,unsplit,False,0,12,1,train
@user I think those AAU teams may have had more talent than some of those Wizards teams he coached,1,positive,en,social_media,tweet_eval_sentiment,train,False,0,98,19,train
"书中自有黄金屋,知识是金...喵星人开始奋发图强了！[嘻嘻]",1,positive,zh,social_media,weibo_senti_100k,unsplit,True,1,30,1,train
"OK, Number one-this ""film"" is a ""90's"" version of a crappy show from the 70's that no one remembers! Number two-As soon as the movie started, I was confused, it was like I walked in halfway through the movie! There was no plot! it was very annoying! Horrible wardrobe! Call me crazy, but It's just not believable to me that little skinny Omar Epps can chase down a big grown man, without a gun, and scare him into talking! It's a ridiculous ""plot"". I'm sorry, but to me, kids these days can't even put their pants on one leg at a time, let alone catch some ""evil, underground, killers"". I walked out of the theater and demanded and got my money back! I do not reccomend this movie to anyone over 12 years old!",0,negative,en,movie_review,imdb,test,False,0,709,134,test
有点慢，因为是现蒸的，着急的就别催了,1,positive,zh,food_delivery,waimai_10k,unsplit,False,0,18,1,train
"The character of Tarzan has been subjected to so many clichés, and so many bad interpretations, that those who are hoping for a different kind of version (people like me, I mean, who liked the Tarzan books as a kid and have always wished for a movie version that followed the books just a little) ought to know how the recent renditions stack up. Some of the IMDb reviews address this point, but here's my $.02<br /><br />I am aware of only two--count 'em--cinema depictions of Tarzan, namely Greystoke with Christopher Lambert and the Disney animated version, that try to depict Edgar Rice Burrough's rather interesting character (the son of a marooned English noble couple, picked up after their death by a tribe of apes who raise him as one of themselves, and who becomes ""lord of the jungle"" because of his superior human intellect before making it back to England and claiming his other identity) rather than the usual Hollywood jungle-man whose origin remains obscure and whose trademarks are his famous yell, his mysterious inability to speak proper English despite long exposure to people who know the language, his habit of swinging on vines, his strength, heroism, etc. About the only thing these two characters have in common are the name Tarzan and the fact that they both have a wife named Jane. Ron Ely's TV version is something of a compromise: Like Burroughs' character, he speaks good English and is adept and suave in both cultures in a sort of JamesBondish way, but he's no Lord Greystoke and there's no Jane.<br /><br />Well, this film is in a third category of Tarzan films, and I hope it remains a category of one because it's awful. This category uses the character as a vehicle for, of all things, soft porn. Jane, played by legendarily bad actress Bo Derek is in Africa looking for her dad the absent-minded professor who is combing the jungle looking for something which is never specified. Though her dad is supposed to have been missing for a long time, she finds him effortlessly. Richard Harris as the dad is the best thing here; he sees the film is stupid so he has fun overacting and hamming in a way that reminds me of Peter O'Toole's deliberately silly performance in What's New Pussycat. Dad explains the legend of Tarzan (""some sort of ghost or spirit"" he says--either a steal from, or an inartistic attempt at homage to, King Kong) to his daughter, who is at this point unfamiliar with the ape-man. Shortly afterward, we hear the infamous cliché of the Tarzan yell. Dad dies, which oddly doesn't seem to faze his devoted daughter very much. And then.....<br /><br />Then Tarzan appears, but says nothing. Indeed, he says nothing during the entire film. He and Jane fall in love, and they romp around wearing almost nothing as she recites doggerel love-poetry off-screen. The End. That's the plot. <br /><br />Well, not exactly; there's also a scene where Tarzan wrestles unrealistically with a boa constrictor--a most unusual boa, since it's the only poisonous one ever seen. Jane treats the bite with the aid of a chimp who helps by wringing out the garment she tears off to bind the wound with (I'm not making this up!), and this is only one of many excuses for her to take her clothes off.<br /><br />I always like to conclude a review by saying something positive, but this time it's hard. Let's see... well, it's unfair to criticize this film for featuring an orangutan, even though we all know orangutans don't live in Africa; after all, the classic Tarzan movies all used Indian elephants, did they not? Also, you have to admit that Bo Derek is pretty in face and form. (But in that case why the hell didn't she just make a career as an art model? What does it say about a movie when it becomes plain boring to look at a pretty woman? I actually haven't decided whether it's a positive or a negative that they never showed her crotch.) But now I realize: try as I may, I can't end on a positive note. <br /><br />See this film if you're a bad film buff. I'm outa here.",0,negative,en,movie_review,imdb,train,False,0,4012,711,train
"If there was some weird inversed Oscar Academy awards festival this flick would win it all. It has all the gods, excellent plot, extreme special effects coupled with extremely good acting skills and of course in every role there is a celebrity superstar. Well, this could be the scenario if the world was inversed, but it's not. Instead it's the worst horror flick ever made, not only bad actors that seem to read the scripts from a teleprinter with bad dyslexia, but also extremely low on special effects. For example the devil costume (which by the way is a must-see), is something of the most hilarious I've ever seen. Whenever I saw that red-black so called monster on screen I couldn't hold my laugh back. And to top of things it looked like the funny creature was transported by a conveyor-belt.<br /><br />Do not do the same mistake as I did. Checking IMDB seeing that the movie was released in 2003, had less than five votes and thinking: -""Well, it's worth a shot, can't be that bad"".<br /><br />Yes it could.<br /><br />I'm not even going to waste more words on this movie.",0,negative,en,movie_review,imdb,train,False,0,1083,193,train
Happy 30th Birthday to David Price! He is 3-0 with a 1.78 ERA in 4 starts with the #BlueJays.,1,positive,en,social_media,tweet_eval_sentiment,train,False,0,93,19,train
@user btw yakub was a good terrorist !! may he never rest in peace ..,0,negative,en,social_media,tweet_eval_sentiment,train,False,0,69,15,train
就是送的太慢，但服务不错,1,positive,zh,food_delivery,waimai_10k,unsplit,False,0,12,1,train
"First off, I'm not here to dog this movie. I find it totally enjoyable in spite of the poor production quality. The acting herein is about as abominable as the monster stalking them, although the monster itself is quite well done...impressively well done, at that. He actually looks kind of other-worldly, like an alien family on vacation landed in the Himalayas and while dad was out taking a ... attending to nature's call, Spot got loose and they just didn't have time to hunt him down. That, or he's the Caucasian brother of the Wishmaster. I haven't decided which.<br /><br />Actually, this seems to have been filmed somewhere in snow country, yes, but more likely Canada somewhere than China anywhere. The trees and vistas say Canada to me, and it's okay that the set area never takes on the look or feel of uber-coldness one might expect to find in the Himalayas of China. It's a Sci-Fi Channel movie, so we can forgive the lack of location.<br /><br />Further, apparently (as we have just established) Sci-Fi directors do not travel often, as they are not aware that commercial planes fly above weather like what is featured herein and the subsequent crash actually would not have happened. But as I said, it's a Sci-Fi Channel movie so we must forgive a few things.<br /><br />The movie is pretty graphic at times, and rotates between ""Alive"" about the Donner Party, ""Predator"" about the alien in the woods, and any bad wushu movie where they fly about on wires. The Yeti apparently can leap about like Spiderman...or Super Mario...remember? ""Run faster! Jump higher! Live longer!"" <br /><br />Also, the Yeti has missed his teddy bear. He's searched high and low for it, but cannot seem to make a cadaver work. Poor Yeti! You can't help but feel sorry for it. It has survived and evolved thousands of years only to succumb to severe teddy bear loss. He's missed his bear. Or maybe it wants to mate, but that thought is BANISHED! Do ya hear me? Well, it does seem to be an unmated male. REBANISHED! <br /><br />And it's superhuman. Well, it's not human...it's super-Yeti! But then again, what's normal-Yeti? I don't know, but he has a definite Michael Meyers quality that is completely unsettling. And he's got this fabulous way of cleaning his fur. FABulous Dahlink! It's spotlessly white at times when it SO shouldn't be. He's fastidiously superhu-...super-Yeti.<br /><br />All in all? This was a lot of fun to watch, has some great kills and a few honest plot elements. In spite of the horribly gravel-like production style, this is actually quite entertaining. I can't help wondering if they're planning on another one? <br /><br />It rates a 6.0/10 on the M4TV Scale.<br /><br />It rates a 4.4/10 on the Movie Scale from...<br /><br />the Fiend :.",0,negative,en,movie_review,imdb,train,False,0,2760,476,train
#GoTexans v. the dirty #Jets football team on MNF tonight -,0,negative,en,social_media,tweet_eval_sentiment,train,False,0,59,11,train
我又想减肥了，最好也能穿上李玟的美人鱼婚纱。有戏吗？[泪][泪] @SMallSkY1020 @??喵喵 @JS一杯咖啡,0,negative,zh,social_media,weibo_senti_100k,unsplit,True,2,60,4,train
"The words ""Swedish"" and ""Action movie"" do not mix. That becomes more and more obvious with every attempt made in the genre. This is yet another failed attempt.<br /><br />Lasse Brunell (Shanti Roney) works at a military air base with top secret computer systems. One day foreign criminals threaten to hurt his family if he doesn't do what they tell him. They want the secret equipment and will do anything to get it.<br /><br />This movie has it's ups and downs. And usually in Swedish action movies there are no ""ups"", just ""downs"". So i guess something in this movie showed some quality. To begin with the positive remarks i can mention that the movie is technically well made. The footage of planes and helicopters flying are well shot and look very nice. The acting is of very varying quality. Shanti Roney makes a decent performance while Maria Bonnevie is stiff and unnatural as usual (i wonder how long Swedish directors are going to keep using her even though she has the acting skills of a wooden plank?). Stefan Sauk is laughable as the ""cool"" special forces man who comes to the base to investigate.<br /><br />And what about the action scenes? Well as i said above the scenes of planes and helicopters flying are nice. But aside from that there is not much action to talk about. And that is a common problem with Swedish action films. There is just not enough action going on. Maybe it's a budget problem, maybe it's film-making culture. I don't know, but it negatively affects the experience. Because quite frankly, the story and acting is not good enough for this movie to rely just on that.<br /><br />I rate this 4/10 for effort.",0,negative,en,movie_review,imdb,train,False,0,1645,290,train
"I just saw this recently, after an interval of nearly forty years. It holds up well, especially Lionel Bart's outstanding songs. (""Who Will Buy"" with it's magical counterpoint, just one of many standouts.)<br /><br />I disagree with the other post that decried its G rating. The ratings system, brand new at the time, never intended the G (General) rating to mean ""completely devoid of conflict"".<br /><br />Characterizing it as unsuitable for kids reminds me of the description I once saw of The Wizard of Oz: A girl arrives in a strange land and kills the first person she encounters. She then goes on a road trip with three male companions and kills again.",1,positive,en,movie_review,imdb,train,False,0,659,113,train
"I wanted to see this movie because I am a very huge Abbott and Costello fan, and when I saw it, I liked it.<br /><br />This movie is funny, not hysterical, but funny. I mean I laughed at a lot of the funny parts and I just plain enjoyed it.<br /><br />Though it is not of the best of the Perfect Straight Man and the Perfect Buffoon, you should see this if you really love Abbott and Costello.<br /><br />Out of all of the Abbott and Costello movies that I have seen, I can't say I've seen one that I hated. This is decent, funny, and entertaining. Abbott and Costello at least made some pretty decent movies in their later years.<br /><br />All in all, I liked this movie, it is not one of their best ones, but I liked it.<br /><br />7/10",1,positive,en,movie_review,imdb,test,False,0,739,143,test
我在@金门食坊马家菜 ，靠近宽窄巷子，霍香鱼，麻辣兔丁，炒小白菜，好吃不贵[嘻嘻],1,positive,zh,social_media,weibo_senti_100k,unsplit,True,1,41,2,train
九点多订的餐、等了两个多小时。速度太慢了。,1,positive,zh,food_delivery,waimai_10k,unsplit,False,0,21,1,test
"I liked the first movie, but this is a textbook example of a sequel that would have been better of left on the drawing board. The general idea in the first movie was, if not great, then at least very interesting. This sequel tries to build upon the idea and the characters from the first movie, and though Christopher Walken is still good as Gabriel, the whole idea suddenly gets a bit ridiculous. If you haven't seen any of these movies, then get the first movie and forget about the sequels, they can take away all of the joy from the original.",0,negative,en,movie_review,imdb,train,False,0,546,102,train
恩，没看走眼…[亲亲],1,positive,zh,social_media,weibo_senti_100k,unsplit,True,1,11,1,test
看来110是靠不住了！手里有西瓜刀才是硬道理！ //@影视人储卫东:你骗不了我，视频我看了[怒],0,negative,zh,social_media,weibo_senti_100k,unsplit,True,1,48,2,train
广告败笔，踩在别人身上往上爬的酒店又会是什么好酒店？//@连长: 我都奔四了，还不照样住经济连锁？//@酒店管家:经济型酒店躺着中枪！招谁惹谁了？！[悲伤],0,negative,zh,social_media,weibo_senti_100k,unsplit,True,1,78,2,train
"Christopher Lee is one of my favorite actors! I'm trying to view all of his work. He has been known to single-handedly save movies with his presence. Unfortunately, this is not one of them. This movie suffers from a low budget and it's production values are disturbing. Please...for the love of Christopher....avoid this film!",0,negative,en,movie_review,imdb,train,False,0,326,54,train
太惊喜了，刚订上就送来了，而且感觉比以前好吃了，包装盒也从圆的变成了方的，非常棒,1,positive,zh,food_delivery,waimai_10k,unsplit,False,0,40,1,train
"In France, it's considered polite from French critics to genuflect to the apparently cohesive chain of films Brian De Palma left behind him. However, a good proportion of his films are marred by bombastic effects ""Carrie"" (1976), ""the Fury"" (1978) ""Scarface"" (1983) without mentioning his borrowings from Hitchcock. Here, in ""Dressed to Kill"", it's impossible not to think of ""Vertigo"" (1958) for the long sequence in the museum while the key moment in the lift makes inevitably think of the shower anthology sequence in ""Psycho"" (1960). About our involved film, I don't want to revive the old debate: does De Palma rip off Hitchcock? Instead, i would tend to be generous and to classify ""Dressed to Kill"" in the category of De Palma's winners alongside ""Sisters"" (1973) and ""Obssession"" (1976). With however some reservations and they're the ones I previously enumerated which fuel the bickering between De Palma's rabid fans and his detractors.<br /><br />If there's one sure thing in ""Dressed to Kill"" which can generate general agreement among film-lovers, it's De Palma's virtuosity in directing. He wields his camera just like a filmmaker expert is supposed to do. His sophisticated camera work brilliantly fuels the suspense which entails a rise of the tension and a discomforting aura. The audience is easily glued in front of the screen. This is helped by the use of several long silent sequences during which everything depends on looks and gestures. By the way, in ""Psycho"", there were also long silent, suspenseful parts...<br /><br />But the main drawback in De Palma's 1980 vintage is that the quality of the plot can't be found wanting and appears to be a rehash of many formulaic, corny ingredients pertaining to an incalculable number of murder stories. The prostitute is the sole witness of the crime. Then, she's suspected by the police and has to act on her own (with a little help from the victim's son from the scene in the subway onwards)) to track down the murderer and to prove her innocence. Apart from the fact that De Palma uses a type of character who for once isn't demeaned at all, it's a menu which smells the reheated. And the filmmaker ends his film on a sequence that echoes to the opening one. Yes, it's superbly filmed but when one discovers its real function, one figures: ""it's almost gratuitous filler"". Perhaps De Palma wanted to stretch his film beyond one hour and a half when at this time the viewer knows (and even before) who the killer is.<br /><br />The two central mainsprings in De Palma's set of themes articulate hinges on manipulation and voyeurism. The latter theme is well present in ""Dressed to Kill"" from the first scene onwards which makes the film almost look like a soft porn movie. And the filmmaker isn't afraid to film his main actress and wife Nancy Allen in her underwear. I find his approach about this theme rather doubtful. But maybe the first sequence was conceived to be a mirror of the viewer and De Palma wanted to stir his peeping tom side.<br /><br />I don't want to demean at all De Palma's work. His prestigious work in directing which entails a communicative treat to film redeems the global weakness of the story and its doubtful aspects. Twenty six years after, the controversy he aroused amid movie-goers isn't ready to subside.",1,positive,en,movie_review,imdb,train,False,0,3308,563,train
"Enough is enough...sometimes they just need to stop making movies based on a concept that is long dead. The first Tremors movie was great. The second one was ridiculous. The third one was nauseating. The tv series was depressingly awful. And this movie just drives the stake deeper.<br /><br />Basically another excuse for cheap computer effects and puppetry, now we have the series set in the Wild West, in the 1800's, and they fight graboids. Like a rehash of the first one, they have to learn how to beat them all over again. Mildly entertaining I suppose. Otherwise this straight-to-video release, just like Tremors 2 and 3, is just going way too far. Oh and I continue to wonder how there is never any record of these events taking place...did they just simply forget to record this unprecedented event? I think something like this would be history-making, so our pals in the first film wouldn't be so unprepared. <br /><br />Movies like this that ruin the original just make me crazy. Avoid this garbage.",0,negative,en,movie_review,imdb,train,False,0,1010,174,train
"I waited ages before seeing this as all the reviews I read of this said it was horrible! i rented it expecting the worst, and while it is hardly the best sandler film out there, there are much worse! Sandler frequently talks to the camera and the film does not take itself seriously, but that is all part of the fun! A great way to waste an afternoon, and you might even find yourself laughing once a twice! A good film, well worth renting!",1,positive,en,movie_review,imdb,train,False,0,440,84,train
送的真慢呢,0,negative,zh,food_delivery,waimai_10k,unsplit,False,0,5,1,validation
"Chaplin stars in a dual role as a jewish barber who, with amnesia, is mistaken for the dictator Adenoid Hynkel, (i.e Hitler) A movie made in 1940 when the war was in its dark days and was in no way won by the allies..it was banned in Germany by Hitler and was a risk in a way for Chaplin because if the war was lost, he surely wouldve been sent away to be ""reeducated""<br /><br />A funny satire with the classic scene of Hitler tossing around a giant balloon of the world..good fun but with a message..a little preachy in the end. This was the last movie with Chaplin's trademark little mustache. on a scale of one to ten..9",1,positive,en,movie_review,imdb,test,False,0,624,119,test
今天有口福啦，蟹宴[嘻嘻] 我在这里：http://t.cn/zlRByWu,1,positive,zh,social_media,weibo_senti_100k,unsplit,True,1,38,2,test
"I'm a fan of B grade 80s films in which the hero is a bit of a bad guy, a strong male, who finds love - and this film delivers!<br /><br />Towards the finish you do not know how Sharky will not be killed (and doesn't he take a beating! Realistically portrayed I believe). However he does and it's not via some overdone 'Die Hard' stunt. The 'past it' team he works with comes together, hence the title. His team are all characters - people on the sideline at work because they don't quite conform. These portrayals are funny and sympathetic - they have a real feeling to them. They're up against an iceman of an assassin, with a good team of his own. The result is a great film noir.",1,positive,en,movie_review,imdb,test,False,0,683,131,test
"What kind of a documentary about a musician fails to include a single track by the artist himself?! Unlike ""Ray"" or countless other films about music artists, half the fun in the theater (or on the couch) is reliving the great songs themselves. Here, all the tracks are covers put on by uninteresting characters, and these renditions fail to capture Cohen's slow, jazzy style. More often, the covers are badly sung folk versions. Yuck.<br /><br />The interviews are as much or more with other musicians and figures rather than with Cohen himself. Only rarely does the film feature Cohen reading his own work (never singing)-- like letters, poems, etc. The movie really didn't capture much about the artist's life story, either, or about his development through the years. A huge disappointment for a big Cohen fan.",0,negative,en,movie_review,imdb,validation,False,0,814,136,validation
俺哭了[泪][泪]@冥王星大使 你看看！,0,negative,zh,social_media,weibo_senti_100k,unsplit,True,2,20,2,train
"Other than the great cinematography by the marvelous James Wong Howe in the battle scenes, this film is a true stinker.<br /><br />This is the second film that I've seen in recent days directed by Alexander Korda. The first was Charles Laughton's ""Rembrandt."" It was so lousy that I shut it off. This one I'm afraid is not very much better.<br /><br />Flora Robson is as ugly as ever as Queen Elizabeth. Perhaps, her performance as the virgin Queen was good for 1937 standards but when you compare it to that of a Helen Mirren, it is absolutely no match. In robotic fashion, Robson states her lines. Her battle message to the English troops is so lackluster in spirit.<br /><br />Even a dashing Laurence Olivier can't save this utter piece of boredom.<br /><br />Future wife Vivien Leigh is in a supporting role here and she doesn't really convey anything here. To think, that Scarlett was 2 years later!<br /><br />It's a shame that history with the Spanish Armada is made out to be so boring in this film.",0,negative,en,movie_review,imdb,train,False,0,1007,178,train
Caitlyn Jenner may be facing manslaughter charges n not cuz she cut off her junk!!! :D #CouldntHelpMyself,0,negative,en,social_media,tweet_eval_sentiment,train,False,0,105,17,train
"大风天,不容易,非常好",1,positive,zh,food_delivery,waimai_10k,unsplit,False,0,11,1,train
@user bahaha! Love that idea. You could have a tornado and sun in the tree and Curtis' face be the star at the top:),1,positive,en,social_media,tweet_eval_sentiment,train,False,0,116,24,train
回复@鱼头鱼头烤玉米:鱼头MM春节带娃回来啊？真好！我昨晚真是翻腾米柜找了杂七杂八一堆杂粮，最后还放了刚从广西带回的桂圆肉，放上红糖早晨喝一大碗热乎乎滴，真好！ //@鱼头鱼头烤玉米:啊啊啊 难不成要我去台湾超市买一罐应景[悲伤][悲伤]完全不知道今天腊八啊[馋嘴][馋嘴][馋嘴][馋嘴][馋嘴][馋嘴],0,negative,zh,social_media,weibo_senti_100k,unsplit,True,8,153,3,train
"A group of human looking aliens going to Earth to eat crash land on a planet of prehistoric beasts instead where they all eat physcedelic mushrooms and act retarded. Padded with footage from ""Planet of the Dinosuars"" and horrible jokes this is definitely one to miss. The acting is atrocious as well, and while this isn't as bad as ""Chickboxer"" (what movie can be?) This is still pretty awful repugnant stuff. It's 90 minute running time feels like an eternity and you will likely be cursing life so do yourself a huge favor and just move on, skip this crappy film, there's nothing to see here.<br /><br />The film-makers try to resell this turd as a MST3K style making fun of the movie they made a decade before, and it works to an extent it's still nothing that watchable though, Ariauna Albright is hot, but Lilith Stabs has a pretty unattractive speaking voice.<br /><br />My Grade: D- <br /><br />DVD Extras: Joke commentary, 17 Behind the scenes featurette; 7 minute Into the black featurette; Jessica Mills reporting; Stills gallery; and original trailer",0,negative,en,movie_review,imdb,train,False,0,1061,182,train
I AM MUSLIM AND I AM WITH PARIS &amp; JAPAN. ARE YOU? #ParisAttacks #ParisShooting Islamist Friday the 13th #parisinflames #ISIS Charlie Hebdo,1,positive,en,social_media,tweet_eval_sentiment,train,False,0,142,22,train
热烈欢迎利兹都会的童鞋们[抱抱],1,positive,zh,social_media,weibo_senti_100k,unsplit,True,1,16,1,validation
@user @user very soon Iran will be the 10th. Who will be the first to start a nuclear war Iran or Russia?,0,negative,en,social_media,tweet_eval_sentiment,train,False,0,105,22,train
